81.6745082443081,76.3963194816392,70.6907824554493
-128.109144389557,-50.6396409321271,91.4035457464874
108.516771248726,65.768595480731,63.7721048970927
113.757727995395,-24.9031461020051,88.9875695724077
32.4042275478224,-130.444744569723,62.4468213644055
35.28152273177,-50.6092116774631,-2.91187443800323
-142.183128182645,-27.6287673023251,115.596234174883
78.8201761506389,-87.867662042993,57.9047157048642
-23.216956697849,131.053324313487,38.1389813890883
89.8653167169483,98.5064293969329,85.0970399090611
-30.3505773444989,128.731443157482,35.3444305302438
-121.947672366772,-0.611985305146532,86.1004787144658
77.1558115295968,72.0197375668264,24.3706011344549
107.424106645737,15.0751481392075,76.3123683732003
-6.67043504449686,101.961400219265,55.2280694334207
-82.2921300261169,-68.0621852013595,60.4346137372288
-131.971185797722,-17.1842848026362,92.1132522544334
-37.511610359435,-119.657437988735,34.1350407023278
-57.5494239778698,-60.5076267214538,43.8951078067848
107.197499799293,36.907450977625,60.181921225646
72.9377899549963,129.309960517764,92.9949966758973
-31.443462425002,89.4501667533817,67.5126968393862
-100.7483035286,95.3879336719424,62.3682769322671
-66.5801301605314,-85.9752186402762,50.354567104475
-54.2114999968176,-23.2805230232681,12.5018317826514
-93.4655109857318,-20.0792680192293,47.1045420998232
-105.012197278276,-94.6660716895684,41.0589436711491
-53.0615982760689,137.452714410196,55.2058750967651
126.845516149639,64.3855342271605,84.0075849678036
15.3586648001572,-80.9387141481919,10.8133881504881
66.1859044999353,34.4257892224597,30.9532436796285
-49.2029995652475,86.6767117963877,43.7159844523648
-123.73400573494,-77.9547585517241,106.066620312893
80.2585357953983,-7.33110928252512,35.5266378494954
-35.8194879132756,-132.582358564166,21.0837195554642
-10.1718868363025,93.4361080452083,29.5307604064827
122.214871895724,4.80221014711982,99.8391197593966
-43.7273064785883,-95.972908182941,69.4370732457459
-85.0353501372314,-17.5602104154581,30.5219120001929
-17.9698358486801,-80.4006401705929,-0.116195048072932
-113.613850994608,-56.6631323906883,97.4139285219937
17.2692488203364,-22.7432422344839,7.21741472094677
-143.647370064086,25.710096252325,92.3276877045021
49.3967900148054,75.874415205626,26.02790360985
118.807425100376,65.5759646860568,68.0236491858873
30.4316397254392,-19.6444436707867,35.1266625838877
104.604486057487,-8.0775849737405,40.2502606657426
-77.3029994442425,-8.04408152973119,-0.668691641329207
23.8768081672098,-18.845292413511,10.9122976668782
2.22638216829193,-84.5461273562523,32.5745088891677
-114.300705980017,87.6491203442785,84.2388428510505
-84.9492635720636,-66.8014308245062,46.1704912463645
-47.7890344936295,22.3882976464357,35.235809518221
21.1415269341317,123.939186551216,53.6583937268453
-106.87030429035,66.6614035689421,49.9811757825324
76.8882950882347,109.079218972202,88.1683451431384
28.6077948574603,11.955827371826,33.3903547019613
70.3632491539734,84.334261684861,28.6914493701936
63.86369546285,130.746070071471,86.1485436660076
20.222345863162,71.9574906225164,8.59619832935854
62.59455899406,-41.8937067628864,42.4980116070086
7.59149327097244,-91.9110333590425,25.5118637874683
106.428962521575,21.982678234517,72.6031596587013
66.6928481060895,20.2241184406507,29.77593516822
34.3344157653018,98.8863741566228,28.6582075644932
0.129048426876954,90.4021679805694,39.7811845722285
60.4403157348793,-88.5226391461321,35.4867872807695
6.84846852273065,-77.0339982784609,29.380406278883
-22.425852475009,125.771032787818,54.1084667101491
109.314671482889,4.88447893041381,31.2222917019255
46.7244063590183,-8.99429278123655,40.2916830531884
-128.603415908148,-40.4600048100323,97.6431054301378
-27.537987271695,141.057465859141,40.3784367701839
-46.8649596228416,26.4919868144424,15.8729537653482
-21.3478744517972,-69.742664889185,39.2866747190281
-141.97299596125,20.0301980021704,125.764974662001
5.39189546652297,-110.134003301074,20.1588245801344
82.0444070919373,77.1976643164931,62.697910045595
120.307336921698,-89.2050132312981,140.747877432771
-105.780747503512,-2.48852330206214,38.7657412514442
-35.0859376805699,66.7516263437209,14.621458102704
-42.128684391312,25.8158886439415,-13.0856846244014
-10.2931496159753,36.4325404033628,40.8231180534378
68.8278442722481,54.8448022296709,37.9010562878977
141.305179027401,12.9219275365478,110.203213119619
-85.0610176138421,9.09396666369872,73.6312871438442
-126.519586582029,34.4453427584578,90.3554617334094
68.867202474211,-122.106590046665,58.6783324379031
-21.4944661895774,116.219517336497,66.8274916365094
125.48431146678,-20.7820794249924,97.7838398119731
72.6534152536981,-111.237260286419,75.1545484843336
76.7865916554887,-87.8781495505454,67.8419302798662
-15.0091597898707,-74.0599105372372,43.9052436826535
92.7633353634095,36.3425182142444,41.4371638588566
-34.2132156286281,-27.4361743945331,-9.38928236694814
111.109133149327,-55.9490671983574,68.6358143307215
-47.2251751177733,-54.5414813966164,44.3041856928488
-40.4009500025926,46.8309278643846,38.0532471338488
-6.49067517665358,-104.469240232383,83.7513934869717
42.852165955292,71.7294024855093,36.9849456726722
-91.3888149525531,-30.4922180945451,59.9361925112802
-91.63230800506,75.9191283012594,53.2675797973589
103.48596409305,22.8725116001704,58.50102227378
29.7122465802122,64.9525010377728,23.4241115441936
79.4418951829984,-96.3277855160408,43.0003234015573
92.9541774692194,95.5832187582266,76.7230527665948
48.814424815196,-125.68426738958,66.8563816505259
70.761133090764,77.6520871002644,45.7196071774138
-34.862309767088,106.764603248423,55.1054745157274
25.7917587733384,-57.569545787616,13.8914613246056
-96.7086697190174,-94.592549394569,93.9666571002414
-50.1749773521768,-121.912741846404,37.1333005169174
102.935693872481,28.6591253013794,53.257976044439
-87.6028938839092,-82.6942192005177,65.4107874080791
-109.637465648618,78.4227637477139,89.3482585407324
-95.3024693800292,87.4337427265863,76.2083155502413
22.2585288625448,52.5895625755754,23.0501812211301
-43.6869388094607,-130.334479705089,57.2135764620954
-67.6652183848862,-17.8589642017187,18.3582689206073
95.918774036899,-90.2777222631992,42.0200827612239
70.9089413570473,2.99451404719484,18.0036679538883
-5.52396457300445,-9.06934268110053,24.4052576253184
40.3481303475939,-113.475573579038,60.5773036303367
-54.3812213758509,-120.062147025308,47.7259478903043
50.1596521801983,-48.4956034389112,-1.43760240728807
-34.0420434972724,-27.013307454623,21.441467999142
3.7759864891781,-36.1091093676109,3.19809551150163
-29.1836916067837,-118.81497886222,46.9006080354384
-101.450399185578,43.1699765090142,86.5876429397911
-5.59755623711776,136.637819344878,66.6060372293423
-129.390010443763,3.01114242747376,79.9048018098825
-97.96153200052,-27.4604299076274,54.0716815107145
62.8449288370287,-66.2665229797041,47.7467945460661
65.8360682858706,88.6878595925558,41.3082792113549
-74.4819641039021,66.3621018074588,25.9968064042372
74.492548419811,-123.520829560733,62.846586910554
-94.2595469369889,3.57938114433245,64.9534441564355
52.8080405829266,77.2021723724581,52.50296613317
-72.3123997468124,5.79790704106213,69.5216637155179
50.370508435529,100.699928689377,33.790586673928
-91.8701772360105,52.1525895822676,52.3568840502807
-41.8044491300703,53.9403642130654,63.4543866602306
-120.040918469992,0.62363557594398,70.8995580330947
139.520358398788,49.7954209825133,109.932259948568
51.9388373935346,90.6623180243725,9.20789791372131
48.7020365088941,111.518847247854,33.4384809722683
-80.2547850960873,77.0526894820076,45.6035821112528
84.0072013903036,33.1340291963785,45.2504374393504
-5.55539253087213,-94.951523017004,45.1449376830257
79.1455771065758,-2.16263992560634,16.6601831108586
-120.817392923105,-39.3194314879933,77.5915090308919
-20.7121279745897,-24.9686005006372,18.1038400915574
36.5683893147336,-62.7465890182541,1.29969095624842
-56.2246449892029,101.092459457186,33.3304788901526
42.5380947363899,-137.683690305613,84.1322606419245
-83.8337246519463,-120.947181043017,79.851609617008
-57.4848887728179,53.9746918931711,45.3699604737827
-54.8827775342861,-16.1549748299378,1.32949379468361
-55.1833853804644,-84.4594279379529,53.9166844793461
-69.8667578178224,23.9639245149706,-5.17454860206244
-14.2119925623372,-60.0246056444826,4.4066916781474
14.5089840108179,7.54830916989964,-1.88056180435384
-94.2770490185556,-31.6425003950418,71.3535120295719
71.5772437799624,-30.6942352438065,47.0103581253105
-21.2280306472393,86.8295747527783,42.0377416978184
78.2171990682331,-27.2362183167759,33.5381785667289
91.0915054981494,-19.9996682902262,65.7447821603595
63.0057943604275,119.87855571757,55.7855715525328
-115.78010742487,71.791190194945,46.1940768646847
102.293160945883,-89.2193977774833,54.6055749936938
127.778297610349,-4.32169310020608,85.1862001676161
-131.771296309272,-48.4688964243929,73.3561086442788
98.7559143229745,64.7235076454419,49.1933394920948
-82.3198865860959,3.4585828203993,43.9965033175141
32.3839922963413,42.6845925264463,28.8117954134071
-144.86044335125,-11.5372994929267,87.0317737610412
-48.8800857547602,-36.2238020062503,17.3160998367629
-146.885450960384,29.1343237685369,105.031432460103
-107.831696024297,95.5389537537276,64.2084406496325
2.57152460455266,-135.955813243662,89.1956889473925
140.54318516877,-44.2804602030766,65.1912275940639
-116.975979831732,-78.5044949140006,92.8479313179706
-35.056478164739,50.8257431929366,24.1834854819998
103.686234908,-71.882035072168,71.2005077843681
145.560898640356,-24.8538033410817,125.861696033167
102.743397180933,-61.4436513324993,77.4614308267679
119.525263177773,55.3322331807705,75.7670692898226
104.088473155513,-93.0440490720208,108.36057830902
107.085575797257,11.3293847268285,50.0417100224419
-12.3147000549409,-123.728674114296,30.8376618035423
25.3218569380076,25.4163379404666,12.3769402833216
-47.1801209695102,135.827540290825,65.0655750227727
102.664726752219,-34.9041529331049,62.4238582615341
49.8352231243711,18.7695437404704,31.7143149273787
-80.4710825938021,-35.7179526587345,69.9767922456049
-116.252875138467,-28.2202552758481,72.7778024683826
44.7811158509233,-139.346552618305,40.7020803887962
0.353926192190406,65.9079676784839,54.3850361900938
-11.0198950707301,-85.1391621359308,26.0934647157604
-139.691380890757,-18.6898901684565,121.172134059038
-117.437116836678,86.0764821857174,98.7362950009666
68.1170035299041,51.207904251709,42.8613445958864
-21.3164101183885,87.9699065980066,19.6558246526155
-131.756674496131,-26.5980952606345,117.958959241152
119.968462303215,54.5139377778637,52.6198235848816
-116.906781002965,-49.8519019803625,94.6558174721388
90.5079424145869,84.9723426832911,112.216778571517
124.097085428608,-14.0294911198835,95.1333391869465
-24.1759125158963,20.1233877099075,6.09905279619089
-114.558773475714,-13.903316549847,56.313086527676
37.2088267203337,-125.39553703749,26.8842813509156
41.5457513459194,-71.7268560826005,33.7238526433652
6.4788833725411,-106.65041757199,59.6569522147159
140.561955993417,-43.4222156660087,92.6209940885226
-54.6198958845423,-93.7713641828467,64.8859296024794
-49.0827893627023,129.904836298575,57.3247158384148
-81.6996064156169,55.1664100668156,30.1793357240436
-31.9227871881253,-89.5314420788382,17.5540099508502
-15.1533231888272,15.7387584569125,2.61725876369186
-14.7550890835156,83.6755690586047,39.7536845078873
34.4754865778983,-51.6427079022251,8.63448605422169
-69.9958026034293,99.2364720671213,56.6295375051395
102.34363406613,-67.7604446418969,84.1510606322525
40.6211459521206,-62.31257968997,38.4646571305272
-37.9913616259575,83.6292042214214,58.3173645608134
-126.990546544385,-4.12771615989139,87.2323109778474
-7.86522849280934,70.5637175910682,11.2478658361922
54.9343374471777,79.0448726375942,38.2620406487882
-87.096330094388,99.2583620514139,81.6685010934479
79.6791662841064,26.8427903418743,-1.12815565310756
-87.8692747998951,60.7661556487443,54.2871869688444
122.479903205214,-6.02728676045619,61.3095023637875
-57.3355247065554,-117.647433602621,61.6833493785305
-36.2583666264897,-108.823245444536,40.6771106835376
98.1439792090952,53.5353715720985,58.5353969135582
-22.3379902044684,-105.085345458697,50.4547587620459
-3.97381557617903,96.1047602857643,40.5068545922456
-63.1795064588821,-61.725464766123,55.4455551906712
-78.6206133001388,68.4924619036286,69.8191763276031
-119.959587127601,-32.637146197452,77.7908165151892
136.187172264421,-52.8428587734297,74.332272272587
-130.847364274607,57.1826838564147,125.222457164615
-69.9317214484126,124.437987730196,91.283284232049
4.95934861941546,-6.70838309411998,-7.61676422355966
73.5478894225243,-80.8472488028131,64.1153226215285
-102.992970620564,62.1252885395739,57.7905231020039
27.7127810391201,-114.546037002792,45.1455022283919
8.48402771771478,-136.967989346573,88.7497704161615
-23.8917990893246,-87.6405298491768,52.2119337777817
122.72057892042,5.71367800704802,49.0173152008272
-143.821782994917,-21.4644335988604,93.5302344139562
72.2258792342795,38.8021357647113,57.7542492496516
-79.8328632248831,-70.5294914522593,67.9277450633717
-2.48629365619747,83.5632629336057,47.5342981359667
-33.399546955421,107.8081797524,71.8933145701603
-3.64670689918337,-52.5473804500019,12.7611904384146
71.6834139296618,24.1852557743721,50.8800385948407
-92.0086563452917,86.052223002492,91.7987201686311
89.4037963708951,-24.5989687774763,59.2072867746499
122.992664783789,44.3079725942419,45.358434835619
-114.449787498715,47.9593916107669,81.5895866426452
-30.7191779438993,-112.190358969486,57.9475990506931
26.7312009311218,-81.6505097370543,-2.20103845647397
-144.574271261047,-24.9739268722771,114.600431231466
12.1430198268731,-21.5155932190435,-11.0075516967549
-84.7916287675167,-11.3435665292872,16.5088436242067
13.630701813186,-122.64869029008,71.8190403824252
75.649755281687,-50.0047093652459,56.9813991160218
-11.374281030546,-81.5871180006973,4.33742435686572
12.8879754802629,-90.3750669540659,6.67702814182449
119.446287069629,-85.3160851190203,88.5967953907679
-127.464086464536,-76.8868984056321,71.4440184775974
141.100535926739,4.2678525064251,121.489173569588
30.1649604973996,71.530425940099,19.4845739001923
-83.4886523656269,-60.0563580711894,37.3121666557457
91.5637310245779,-31.0267568662398,66.0195556881927
-81.9536877032813,45.4872819690914,15.9789005091986
75.4550972127365,57.6007479434832,45.881590014358
66.3861154468384,31.8821148454337,43.9047812420581
84.5899568093834,-76.0079842782352,20.7228478345567
81.4643435751259,-50.4802027758533,31.5411194354077
130.516733868142,-50.6293477929305,81.2035964688578
65.1582629097565,-106.155297098484,50.688335728259
101.440032048525,103.652896848381,59.7406741742839
52.6482409464044,56.4774023336146,37.4889696650189
39.2234762834757,6.79873364681776,26.0037242813761
54.7344684219094,85.9466734361943,64.2484793099577
72.7816987039008,-92.8572862991891,59.4948349172785
-41.6784492031289,30.1766454216374,32.7800154992397
147.877770978428,4.35491924496277,125.281183692438
6.53170440705623,29.0661603567149,16.5370507264055
-97.5815252096488,49.3058031730772,55.6210610191599
50.5414028953381,-105.114975137938,74.4459921450964
-82.9565636418505,80.9682684856304,87.7960668536054
-108.242337056136,-56.0978844397695,54.8658811969545
-77.2870185109032,-5.24361036578146,23.5210295681596
-103.086941480581,21.4240365416279,56.719668554221
59.7011753102962,-132.117579968878,19.6224002591252
-23.1949997480331,24.9661716286821,-20.7041282752366
41.2948246272652,-119.38510307603,24.2329386796364
-45.0608617167581,59.3998161117916,42.6221572549642
45.1395097812,-30.6250832349545,43.206698939413
-135.064760054236,-46.6709509246268,90.1463731655576
81.6897036764198,57.3921019363048,38.5700055940202
122.059437658785,-64.420216714453,107.851039937466
-60.9550770001483,-39.5461118562353,38.7140983748137
87.8996857539282,-99.3340464647177,87.2497789436436
-105.100549976018,-39.5451963116926,44.2206709949172
47.27092033589,-138.737059379203,74.3864645410825
22.9401893571702,-146.298837010302,105.482250763169
55.5183594350703,34.5911449268878,40.822542832054
96.5846673997294,-2.64988860040522,25.0236905903498
12.4704297960126,120.729885796379,40.3656559176142
7.24367668360285,-94.1204855976983,41.4945079118333
104.882844965113,48.059890058645,78.0688595714594
-28.4387082732657,4.34669815938433,16.4436771727081
-86.5046456130693,-109.83843715901,96.2819661891484
134.175172211068,34.2039788122057,81.5564423978468
73.8899202968199,82.477798399648,79.2586258374353
-147.141619851437,5.14269145010285,98.4591678708531
118.32011933216,-75.169719502597,101.114366994631
-102.007466011363,75.5383205958279,62.1020322158764
15.9897894741567,66.7664974619521,13.511711483229
24.0661833414465,15.8386309377856,58.6287871405648
-118.492114625722,-9.32095752043381,55.6400787069248
51.1204267921739,-30.4271865338947,41.5709783596219
-112.889412544602,-7.60722862218503,89.619156290498
7.11737759037581,-39.2081198021003,15.8352923406909
32.4564198117095,-22.0168114490714,-5.43594080365754
-122.362229330127,64.5287483586997,45.2388639192985
111.540203738918,-45.3178114655183,39.6165652748484
67.3500486522717,19.2235171692283,56.5518089212409
11.2954668684073,85.1731042961954,47.3256531656013
-36.5064233154553,90.0326031506645,61.711978391232
-123.075700886718,-73.5286236246615,96.3284341038154
-69.8813571562609,93.9254900563295,52.8384106908437
147.421530581665,15.6978047896618,143.442044545966
-73.9794845686639,32.0746591543472,32.0068651666788
33.7098995718651,9.57625844952311,17.2884694370942
106.789272864375,30.5287139211567,70.2534401500842
117.111447815766,-84.8209451128304,52.7532023500683
46.951899933659,26.7103399982902,2.35006618074427
21.7280819356039,-45.9970524360101,12.3899502992023
61.1625977758054,75.2047488787342,34.6413460850701
28.7324448787184,-65.8492343942997,10.1202289432095
-41.7548072515246,-28.785684855332,12.7800332040746
6.63970527520843,-31.0421442627843,42.1629396456286
8.86456548761692,28.6840496098953,-0.83480534917039
-61.6199279135602,58.738526908619,23.0788817777046
-69.2221768280534,63.3579846809924,27.6395526599216
-81.9268074548065,40.0144540551353,59.0600183240985
-117.880057690637,-57.4562392465955,52.984166185877
-16.3179411010765,140.503886044244,53.2745713544208
-57.7941848993345,-86.2850505284351,-3.0017426302602
81.0389610147229,-113.713647730465,46.8109785677369
-148.467868968996,-14.2420443152321,107.211569677533
113.29501563143,-1.43554351492808,69.5620103698568
25.781434503886,13.1986635146989,41.5124386883631
64.844201572568,-38.0085320866507,5.82990710334103
54.2032154683484,-80.5974477026419,11.6720935497908
32.3213668589156,44.5907053587541,0.722145157795117
115.12813609052,84.6110068058753,97.9644216129545
-96.4005516255243,91.3544563887599,68.1404373538324
14.4750430147507,-68.4804442258252,50.4324240722413
-29.4626260472612,81.5621215483907,37.6486578952516
32.4294545727663,-27.4993672718393,8.49127698200722
-72.8357992592361,101.511535008903,52.5800618785213
106.721302397541,-71.7494034757438,100.062095425231
6.4697217866743,6.73395891291933,21.843960213082
-30.6152522623447,-13.3501634366875,3.3551827724399
3.92656539607705,34.2807343809642,-0.0264025748439716
59.5423703266938,-2.38289068956991,4.28510717027006
73.7246050359836,-54.8916716123507,27.7393578251353
-23.2466470192657,-15.574039665014,-16.9186870286041
67.2998842847596,-102.052497495801,51.4787975678861
36.1459270236165,-136.135450224249,46.1335996733358
75.4341846881008,55.3191168050813,65.4830343750518
15.2788451948692,-47.7235293384517,3.62271246328008
-107.916777763499,65.8968225870714,60.554128232456
28.1489472471268,93.3786954229276,26.598471846294
90.0267978934854,-47.3941756629182,84.8569423769721
-81.4761130816285,34.6697716583233,56.6231276850912
-119.946105657242,-19.0885409288839,100.88995015904
80.4442892749117,-87.2972167449524,25.9145206960627
38.536300386446,41.5044172581826,30.9663013366016
-121.272313008899,-18.5651416380182,76.5422328650576
-96.2454332985975,56.1831052930931,61.3613596677994
-105.617569004396,-90.2464671369481,96.2627013476994
46.0344492937278,15.9614657743586,17.3600500268769
57.4989172915817,120.188337002392,81.2266772129096
-31.0015484636917,-136.213677520855,65.9998796984767
-111.404331102259,-96.7897188560145,89.5457522046208
-67.0210921734697,-62.7572953099192,64.4400026507586
41.8600726246492,-79.8661547146312,27.294666729351
-10.6194570057926,146.255527437516,28.8719170014028
56.1390560171039,24.5935056706491,-19.5584936647677
-28.3154940643418,53.9028423489948,41.9959211290237
52.7936122634355,-93.7206457324336,47.9874853509452
-114.407737648704,25.5981218157177,87.9212842750647
-33.995436942232,60.340762687014,-10.1082764986219
9.24814256168441,-0.870122717597098,12.6662846093109
60.1028594093098,107.735220684845,52.9136837565096
-50.1568733524373,-117.562007046008,15.9073825149887
67.8204307085088,120.852332125139,45.2458401264618
-0.418274035648702,-104.676907007165,48.698410771239
-29.8407575843735,42.3240122986277,15.9362719761012
9.47032967086321,-148.359905869956,86.8083229346947
89.315986921037,80.5013389160759,68.2474779879152
128.925717806516,71.6514647860601,101.446795645277
-5.41060005419209,102.119195718318,9.57840116427137
-30.4101888580087,-0.579721442324549,0.40326061957183
-69.747110552372,21.9597488856782,51.054884972464
24.7487702951028,38.3409591642876,51.0072176220409
-71.7231564783653,113.723993415744,52.9785378190281
-38.2844967517813,76.2504057179431,6.93477688540512
84.3834958697522,-57.1386126760823,37.5358645052539
54.9817829824026,-12.037212673647,16.6653375331944
-39.1290908877262,-143.681588423378,100.823110884328
118.4538557759,43.3526239082856,85.2732683171901
6.56572588339142,121.227048346222,49.4920430406545
113.438250493823,79.7151575888115,102.26685329549
-2.29462038277455,-41.6065696404309,9.04114904565999
-92.8594375391542,61.4247519272067,61.9145042571681
55.2112467908477,130.904193783591,69.7115535941863
27.5254679975681,100.338899876374,20.7818617192615
-41.9646612260638,-26.9424576877473,55.1048236265545
-18.6097164399829,-29.851339374267,51.0414764542689
140.080327148013,51.4955410843177,116.216441769374
119.888416671125,-33.8566417002068,81.6234695727346
-39.2699101880353,-87.1719548569564,4.89051895509172
-15.2528565259136,-106.893606412354,18.3088792313776
-12.0512073929459,-72.662708808335,16.8456390498565
56.3026477268873,97.2199631820947,38.1707236530839
16.7699987865647,-110.441099329301,29.3294251589902
33.958002976445,-102.541738518212,41.084784830909
133.361621148673,-55.2323481822616,88.7518376649118
-70.9835236946251,17.1866849303577,41.3463157136032
47.7286508013584,82.4711598924836,37.6145227225269
62.4612642925961,132.340058885963,58.7866782603399
1.86404872628894,69.1759562605744,8.23704561392098
-62.9782471414459,-49.0660778358539,26.8166134896724
-26.0147023688499,-77.7081845458958,46.7402236665377
-144.611390405878,-36.4295200454556,93.1890065386019
-39.3188463733042,121.950032603803,63.7560734926748
-87.2093175187678,-83.9902407465828,43.1390881798031
-2.05895534619781,-67.8670518321229,33.9889268076203
-52.8075164287152,104.602542259643,20.8701839003935
68.3862975245367,-113.233242123344,47.8325118929033
2.54768912074739,148.843937904335,94.7719836843649
113.830190253314,-32.0282230202021,91.326736431447
-37.1199973918383,-13.3707475450202,19.4527004541331
115.861810156313,22.0572951233381,96.4702317667172
-27.9834313446342,-56.1466603862633,18.8815183337324
-1.91419942512489,-63.3041142590875,81.8145686106688
78.7879489770116,-102.330900525851,85.92235909349
-84.8396889152049,-111.053516115101,92.8632355125088
26.4120883493253,-39.9411398068321,-3.34525064513953
81.5824335606887,-96.8777507731335,92.3544687738581
105.88556445267,-59.4366675321703,81.4177722557926
2.35133877478812,70.1338276103934,7.55430709506659
-26.3585412092463,85.7363900749905,28.5687632234571
59.3351221434693,-98.9620278914477,53.6064277345963
-110.746766655295,-25.8257443068287,75.2091264273253
-38.0597027864772,131.024567097605,48.3551372394698
-90.6122918025394,-45.9865722701505,94.9573580431644
37.7887132906339,-19.5840263878148,40.2000004507989
-1.93279554762832,67.5142220036512,33.9735388400129
-117.508557803998,-80.1824869084314,86.4553059686293
-124.886019310319,8.84006639019963,103.718714356405
121.573119128417,76.9161646438322,96.1453179196105
-41.4196951563847,-134.248084946034,81.36140964449
37.9939512355855,35.8605965300948,45.4915801910978
108.215693087208,74.2154157398496,51.6015327801241
53.2991327903008,-12.1996282559418,8.8423803777297
-109.349827880761,27.7298599249883,52.4348848274214
69.5328779259043,-51.4880125424448,56.9492729190444
-62.1654511082081,-83.9971255690498,71.1281426252779
-8.52665545083244,-6.10084386917407,4.78264563522643
-7.26149694098075,29.6608943983379,14.9227541070905
132.561036007105,12.563623219791,117.245591354528
-134.31706644081,-46.3527358296036,61.7388616192724
64.4762191184908,-25.7238573686238,43.9619483218611
-1.55386898222651,16.309054803034,32.1116824049471
5.15655337126775,-71.83811262886,11.8495185582531
53.1056941996141,-85.5873209077283,12.6894989193754
109.07768613815,-32.3067323851064,86.7368197607842
-62.4339338944595,113.360903676991,69.6859032146035
-34.0680613781471,-80.7440982888473,11.3692929238765
139.320138623698,-35.2195254329879,122.028802837851
-140.110881683883,42.0779619910962,107.102771668713
48.5163220975581,-26.1414635319363,38.1700075173448
118.096968310595,-90.5905722885017,90.7734263731881
38.638164378319,78.8765567975628,22.0646367010684
98.6074629504399,78.3585485684745,86.3297797407962
-3.68229669581915,-113.352062550779,33.8349902524587
32.9549767489325,-114.934180027806,20.7445924695982
-111.112965629823,-14.8499136333183,26.7009608472933
-115.077075013952,84.5069043756308,83.9459564576208
52.5400311097649,-94.8767642883487,21.512063127997
54.3572141178537,-135.202970008973,57.6871272799109
104.13139465947,-93.3602813746245,85.9620264261552
142.889379953339,-10.455286474188,66.1390630161838
51.7884943679247,-136.354860523649,39.8711362621516
-37.9311470477669,-21.2817396551808,-3.87873265379038
-70.7764093574683,47.5186206501405,8.26816092315232
15.4876379014753,-51.1127170326063,54.700625064157
-48.594152338302,118.201164218589,67.5055435012836
47.7247410207914,18.7656206831066,51.5649921852739
114.288655808472,-95.3955758878031,66.8008493426879
-93.1195637961458,-91.9906422556788,66.3411696687437
-28.1438094299208,17.8687487521547,-3.58874481075683
-142.254957911194,-13.5373499952358,99.9709575885043
-83.9609403478302,50.3171255439198,74.48026760108
31.8555814424622,52.1605939703513,27.2928507800052
29.596258493117,-42.4201338066515,57.7569628601332
-21.7585920164898,-50.7290057328143,12.1023989331197
-55.700761296099,-112.281983626218,79.7508847556228
-18.3025994157326,100.089736499183,7.41441856400803
-18.0839497002321,-118.319067118323,7.60173293576461
22.3931484771127,-111.0407084875,35.1265684276383
32.5751791264502,54.3888578019041,34.0301715978379
-92.9061383208473,8.92817717731087,33.2623089636502
105.823644863156,20.7887969817508,38.3588966893552
-58.4766445020089,-124.343472077598,62.3946544844753
-140.398055467072,15.7972946575795,120.70238204778
2.08410828268761,-113.005018065971,30.425134286196
-98.2838683685569,-19.3293976293606,58.6511637443925
-68.0627907153503,-24.1826185972874,49.0402346742187
32.2448570194371,29.5971045531784,9.57399434852201
42.0379828434255,-61.7682236626493,51.7113406599473
44.467992776208,131.634234573287,67.4286952716886
87.991598785939,1.94306548878814,30.294523386351
83.5742656689967,-78.7744951195025,41.4182231104178
18.9583613457277,49.1245533702702,26.9873147298291
-1.53169486141422,130.792150018961,29.5914326862111
8.49852127003698,-16.8868584225624,46.1255773882148
-54.2482704349532,36.1564530290472,21.4114309565813
76.0767153822106,26.9344174542254,22.2787559582728
-1.17062969207643,-142.471849011838,66.6521075518206
-75.1962178915583,-21.2057347307968,64.4509070276115
94.4692544456564,83.212578206453,66.5627888750232
47.100498011584,27.4709987251356,16.2950041253518
-59.5611668660538,-73.7749835627353,36.9600923011461
28.0901425074054,114.147735917748,49.0892250851094
-108.583454503219,-63.3853301564737,50.3406314898944
-111.130651221166,24.4967658491308,44.5279849955363
126.247120866514,-48.8259302960138,52.8334780856721
62.3081555573218,7.98418860707406,40.0128341062529
-116.038940960128,81.8777165415374,90.7763000015714
14.6860444457918,-18.7445875217824,11.9544976240467
-51.0416790678114,-2.6221366484056,23.1891281921331
76.1044009265754,10.4311107539195,51.2642329655901
-52.5313550846576,-119.91373201631,46.3906313307358
-66.9562883594458,119.778147912346,75.720136292594
-10.1658985559261,-121.734141320205,54.1487184274446
9.67124237627854,123.122232901281,25.6212069790622
-84.5733355450694,-70.4551042482864,72.882527520722
-47.9314512638838,59.1565806131382,21.0850047902461
136.504030811135,60.9953059714124,105.940614144191
-76.8371128012418,-85.4579401411747,28.8713324378249
45.642613021724,-49.8274768445614,11.6159677272268
76.3807714186898,-112.752466015702,45.8573247999769
117.676386103435,-33.0160943038532,91.2386142030866
-103.851874860803,100.35905399646,75.8391173316555
0.583911366256027,113.668631437659,74.736898520812
-30.5680678092073,64.0508502427329,1.22644349058332
64.4103962813174,57.090109997237,40.0424815981637
-101.23238252371,-42.1955758364882,70.9419270669772
6.08072178604903,-99.881373208646,22.6146240011946
62.0833329062772,-99.6592930379987,72.5178887093054
17.715712043182,124.702533397033,64.9242109739793
-65.6856785841496,108.240774171033,27.7782589161424
-62.1544080422997,14.636823579543,42.157683444689
-30.02987851839,-3.95898537004959,8.17600865304772
47.7604762956779,0.275827574295926,48.7446440814942
-99.1398885935846,46.4617797013117,72.19027082444
-51.6920429708269,-30.5726016826583,38.4080046758725
-28.2878051593927,-142.249820907951,80.7548835879483
20.1429531332966,129.080013201778,56.7225454829817
-53.2945763238145,-117.429262251945,38.4501496330828
-70.6360438247776,99.036788372924,64.4604633107791
17.2716056010391,30.8422480490213,17.7419511808044
-89.1651756348985,-106.264453114782,97.2711045384218
125.375304069081,53.0736926202395,95.1237830195917
5.54541864191428,25.2475854387365,17.1780144134951
87.3201919791465,116.494024374684,76.3637343290535
-52.5518558976014,106.541412021931,21.239414827412
92.4342069578675,9.70883270512457,63.318133619745
119.734261288638,84.674525020514,115.124101982519
-95.1897141760987,-48.0975781313226,66.7610263822019
84.0128489397077,-123.767182932049,88.158877890423
-120.684877530859,27.4329692447491,73.3922537111497
3.93143232129863,92.7291772742363,39.4524867117534
-6.31833800495852,3.70191540919463,29.1167676421577
-53.0698003287996,-82.9177214696875,21.7653582728821
40.6464565624493,-22.0778868582645,7.15415525073453
5.64300537303498,-104.948798825497,46.089111494541
36.68668781187,34.5547074878915,28.1681142434834
-6.40156848077433,119.366641140736,82.5627908020866
-112.955118069441,-87.1406378835953,70.0267611369264
-98.5346813695421,16.9450730482573,62.563639424079
92.2867599527986,108.103625413299,80.6057229095136
-91.8716904618833,23.2067611886612,-2.22999557415245
97.4853170753115,-94.2118339477636,59.9588313781582
31.4015671478317,125.340493110067,48.5931456299203
-9.25359001854088,-80.9378912765034,10.7305258341984
0.423462613925436,-105.684691456913,47.8598973795555
69.7589225306173,-115.400814981217,54.4157589691676
-50.633808452863,-38.4988087569964,27.0462664350929
-32.6170221584167,125.741617916925,71.0306704661571
6.29554682130212,-94.5395230098228,-7.99387394550607
13.2577705923844,-19.2075881042108,22.0128668623134
11.6820344422511,-50.7902454705784,17.7453751868587
-120.928215232623,54.0458785274755,78.2487708172693
-6.1296716090908,-100.378207250359,30.5725051801735
104.289198003756,-68.8843784576549,42.4632795151371
108.989390687734,-79.4743499624385,73.6908126257623
-6.52661226905118,-116.03962637924,35.989400706965
-103.56060058142,-76.3024724864237,59.4423992864104
-104.349261687829,67.0867526069554,31.3505285932374
21.2331254555983,12.4823451796829,7.74850091681027
23.0876601951353,136.323711032399,35.7611648615107
-26.8101513017751,-134.850431425521,53.6150564410889
-106.623915063464,105.023029035303,112.954680156526
-54.4539988393013,-121.544334802117,43.5933126863287
-111.058493996678,-46.2270433031655,70.0937245107598
-30.0668112089898,-75.2663325157982,33.2403649720607
99.2084035113677,92.429830300236,85.4788892099564
10.4614909632035,149.086184313877,81.0373550485508
58.4781073130794,-40.196976634845,46.0969194827341
-16.4896032614999,-12.9098309008731,-26.9057811805535
-14.828165467032,-64.5227865500076,38.0302251623584
-79.6809343100295,-31.9279427342046,44.2084915889207
-67.7021348691008,-85.0658670530987,22.6824962152634
20.1231732359488,119.921085714262,72.8365614013887
-27.9659408631229,-107.16946316825,39.3680212122365
-51.6741017912802,28.1861128819291,11.5659720893603
10.0904503563235,24.9428385840657,-8.7210391818154
121.605532962063,26.7116395480532,87.8862581263475
-68.0404061665563,7.96274119812678,70.0643210751101
-56.0130977806493,121.953352672286,60.5448296715903
4.85568446318583,143.533835554421,75.8361448046077
51.0886229903935,-75.1233600579928,56.278521713693
-27.5778600092746,-93.8176311306933,70.1322901911488
17.9905191143896,-12.4998911333665,-4.81664903579075
88.0489847358905,28.8722634101271,35.1746472316221
-119.121938109621,87.2908186224731,92.2947316851223
-15.8651092674514,2.1683481761274,-20.4159672054793
-63.2909766162693,93.1555486895066,38.8653239363435
-64.672208721187,-56.4276516838815,46.4934674454567
20.5612243820254,110.189355547472,19.1337438942869
-65.0633135861921,43.5523037600267,45.0660720425421
-15.1063280375137,-33.4647178711371,-22.7094107957015
67.7444609199986,-51.9202316090047,28.8291027220946
24.7856116334654,-97.1396301805764,27.0215418541914
78.9996276297418,-28.3309608601402,13.5207537681193
-49.4586641877303,-68.3500708033319,30.3515504610027
50.7086007716924,58.1114294905967,2.5769023870373
-82.5984881714978,-93.634261527347,87.4997661183237
-122.836548257028,-80.9227822370457,84.0127582371365
20.5713348852726,-59.982450381343,10.4608050785339
5.98794251220326,-55.5303167312747,18.8134380649688
-34.2493403505065,-52.2114192378065,0.809345375764617
-14.6858240548509,51.7958204154125,30.059032589317
65.3391674067137,100.627221279928,35.8893925336442
40.5759270593918,-105.1651146332,51.9587486808793
-63.0194549151719,-19.2331711341201,-2.40426157491823
-110.844742981384,-45.1132619453576,60.2718330208101
-133.304808256187,-29.8191248860186,87.6149859914479
141.928854552007,-2.65545980736958,98.825413754592
16.5216468019858,-65.628814081801,6.04259669631708
99.3761224831148,-15.6816862071013,63.5651078737759
-7.37869595864037,-134.551663100869,32.1495827984998
-21.2000376817404,-40.7581349970975,14.2564800403342
-104.194946396446,103.667554166946,56.1204879270259
122.422131943205,10.4638341343561,65.4378381713359
-107.585713308582,-22.3844543790025,46.386571612802
84.7221287513303,98.5528901905126,54.9666018815891
-64.8258252726963,27.750244201959,-14.1639246441071
-0.640178592472334,-137.980542333091,49.1027423267446
-99.3567675513793,-51.380625552028,44.2312219587865
145.794114003327,-26.2820791862612,66.5321995997437
1.21789115813745,87.8921694250654,32.6378603561806
-68.918381153544,-121.696637451107,29.1239619849235
-91.4070260614877,65.7578587204288,36.3389269051422
-41.4934182286143,-0.531461054149171,17.6816311208191
-88.5674865912321,-77.8923970375724,30.8387073142776
28.6530481154565,-137.484599829805,73.5443013979193
46.3318294919849,-59.7387810236537,3.8375637156799
114.757616533651,44.5473564659075,85.4697133815799
133.698875868809,-49.1336457873864,71.151080462605
-42.8054094759993,63.5823507729356,16.7113642202991
95.3101698386644,6.60950043503648,85.7076395180393
-31.6900414432416,146.24974005922,38.6270400760344
-2.52276615684196,84.3095697874884,43.6799019666579
95.0091281777058,17.6410215677477,57.8047304626773
-5.55668795582386,-5.12165906701824,-3.82196549368214
91.7485306231565,108.468975114765,72.2795470779269
-56.9705715363853,-126.908837825166,71.6774148771548
-31.9057190376767,73.0256759177432,27.7548363193601
-91.9470235595079,-18.6973589977522,84.6069010298091
-104.256512638623,10.2838931988006,79.2005958916406
50.9782011691326,118.342016825038,64.3196361013528
35.0239625163213,-79.8393375323357,18.3337882965587
100.282166950958,-103.408219042079,82.7867224589491
-122.768692552699,-77.2307658885775,79.1717749763846
-67.1523985138291,-87.1489584835028,21.1759133693387
-28.2895633835235,8.36133744950647,14.1017461502642
72.1540172423451,99.7761176196185,53.026151139145
5.97487304841389,115.300793419993,12.9274725302389
-10.5444971245246,28.0642357716063,3.85132092922105
-112.637784814591,31.691430278445,43.133398194776
-102.184477122187,-95.7464479837712,89.9571614365525
77.7861749404062,96.9315620273293,48.7896128477737
-60.2956261533402,-3.87545170799715,0.3413733372021
127.703394425505,-73.2199543943694,106.277037820902
20.6728602399512,-77.4262551447596,8.7996510876557
33.3189789367498,-90.8419590382697,19.0753634983405
-62.4953540988937,-33.0104451035412,17.228995831192
-104.129275779781,37.2791986345825,60.2244073988908
-81.8076059907811,-1.14166434866637,16.6913238247905
-39.1975457679136,-20.4952581339861,18.5369648722801
36.847921277029,-38.6219478967475,39.8114829751702
70.5345324659973,-98.4693320696036,88.2119192616817
-84.8643583643447,39.169435717628,70.1972270977534
-102.463284908019,-55.1185283452513,33.2446821586886
47.2035960209532,94.6617843735377,56.1107985154846
128.421445580334,-50.5272449172684,81.7969015333322
79.277271056138,49.3975459362166,56.5536919300704
-85.4401688221862,60.8353431438745,86.7031304718062
-2.33057063303323,-141.366965537972,65.6321578462914
39.8495246361643,-121.691988419824,61.5990322664374
-72.8792098986099,119.377277717514,78.0382231997474
51.7775064704341,35.2065673287852,0.839967991307981
59.9613375079105,70.0146098470648,41.6983659129032
5.27360616673842,-88.831306358618,38.1713738730768
138.212265832198,30.2216049354704,120.550655341438
-91.2859374803958,-108.938407309325,42.8284301552058
48.3496455727041,56.7015289689363,43.060798314653
-88.3625654732257,74.1057100300308,36.0171354927322
58.5742342663751,-117.102008755108,41.005477261315
-77.5658872079879,-34.9641692179635,36.6209350781185
-50.9254292976302,101.546969385882,33.7249982716509
42.5544848570472,-114.136044517638,43.838668774786
-138.312213063414,-43.3006908952643,75.4423896796562
-125.234009943744,-71.8330283089516,85.0645498427486
-136.017668370474,13.1748943967362,100.92960543649
-93.1175673309361,96.5341507104409,101.953578962679
27.8525441796066,19.3043033150837,14.5183539537511
-21.5704439434375,-139.376705274997,78.5658352725336
143.111922669001,-41.3679907443519,135.00987935078
-56.634836453133,52.4457734321489,53.775096091249
-91.7314269167582,72.0304165909111,36.34087796954
-74.8810894480225,58.5717811820423,39.4430939283776
-71.6988841166549,-119.82566975256,57.462808960789
-23.1182134089643,4.49639854519177,19.862224785119
2.93867928666963,38.0297088588619,18.224667917399
59.4137391115149,-85.6356271553245,32.4672345894302
19.0589180524416,-85.1969090496968,15.7645250405319
125.854130535083,75.7245493550137,78.9255317812912
-120.433320825566,2.56432571616906,96.773073088693
-19.8030845194638,-134.293240013844,54.6938822958872
-2.57871813045702,7.18969822530294,48.7301750343464
47.8837075221962,115.844978213592,44.8431973226748
-20.3441582575367,31.563444927218,19.8038730868575
1.22645983867821,-49.5013189853878,13.1685648136324
124.739335125386,3.95412550454564,89.8809281499409
47.1032467692836,36.1462906265967,-3.0011683446367
-46.0010047380074,-81.0212659848195,6.20952282469031
36.4384704851487,47.7499230517859,21.0720853168726
82.43472176292,-26.4968056334885,36.1067809987741
-128.21423186056,59.3547435738614,99.2400212481263
98.6598059574404,-62.3151978108639,103.421546001981
72.3088091275736,92.3533410711075,49.6566968961574
-47.5223968198351,43.7294906549577,12.4008623249338
-49.153636380222,-63.6011906846575,43.3699393802078
-25.1230041011082,40.807801404286,60.5146882173475
-6.24334745619132,-131.535761146958,17.6211769934228
-81.133236540849,-96.7323429905001,75.1547126505895
-139.541312874964,9.93688596724376,103.017790754699
-54.5527734426765,-103.973796761215,87.8256668295653
4.01695041680087,-40.5677842955333,8.82672479416902
108.108711862612,-32.3123596995963,61.4067088465147
-32.9057600840053,72.9602867325513,39.1980652264171
-12.7736586774906,93.6236029010504,48.8961415757955
-0.371698462618626,-32.4035597077506,43.0580483351639
111.354696817898,46.0869862143532,83.513816359307
-107.3063559026,26.3415849158111,55.5433077571673
-65.5665684640173,-40.6742031839471,10.5286885484037
-2.48277740123568,-52.2544301763099,-31.6542719821149
-39.2533490326732,125.193038226331,48.9230851222485
131.425719837859,16.4805615344057,83.6346685023006
28.9191476830689,-89.323069838053,31.7267952519785
-89.7043984210602,114.801831183857,66.3653020585662
33.4690745710061,-101.322341135253,43.8829167657757
-77.3491686512466,18.7034043318722,27.3145107059607
36.09948427123,77.9948247652473,23.9365493457923
-26.2847873412145,60.1271419710552,25.6843370437227
106.775078828268,4.24843392661521,87.0028413084331
-77.4305083797548,67.8811783976957,50.5957452964587
87.0920824809304,-90.003675606786,57.8795442692939
69.0984347769512,52.1497360022241,40.8666556751504
-83.3297990709146,115.157848923611,81.1982147933478
-131.311090929609,-0.784388172246506,91.9347115128139
85.0446324408065,-20.6086401864118,42.1496885815529
99.6815239479828,-57.3778135110276,72.322287145437
109.298443809089,95.721244529113,55.1300340620043
-16.537476555366,-125.188114131428,57.3820971860015
21.6723982607652,13.5953052436285,33.4012292595278
-23.0144740377238,83.4482671795444,13.3492683142499
-14.1597289686331,-113.679966478364,36.8509861761127
-123.480661341191,65.0922958696938,73.9710496156723
64.3603107503257,127.727949202619,71.492054602007
-56.8021424646786,9.52398304104786,19.7902129592848
97.5141682795662,109.148002022467,60.5245737095711
5.10988926307899,145.264761250684,32.6185337635387
-25.1406526605339,37.9643483417124,20.6186756542199
-59.5561395785287,32.8632794466448,18.4148919691613
-37.0730264061322,116.33563185496,72.4934133061923
132.743185397395,-2.08399481942281,81.7696176856749
-105.578099024203,64.5845545454961,78.1863633662905
93.9378946521132,-59.1382010556913,33.6226922051889
-96.4141077301726,-68.9020937345582,53.2301755909092
64.0472841562492,-54.2926775711963,12.0889794935945
-0.866340573704433,115.313578732447,77.1506120515673
127.650608567313,-37.6992622120015,100.28109850234
45.4763272714303,-8.16311902508123,22.1652613245921
-54.7428367501472,51.8303781493075,41.8755152683255
-140.722484162312,-49.3070769323582,133.582265538867
89.6222404259603,-10.9997716637386,33.9879739487637
-37.1454308630356,-31.2186532081723,31.7476115092538
44.9921526372592,0.809101950324855,-5.32340897831944
-47.829022803694,-34.1160212975002,23.3466801344813
-77.1762445873994,-47.9498132221535,20.5453428680039
23.3925707790751,41.8475223596636,5.56353656506214
-111.44697792482,-79.8144953108329,97.2792475029325
146.619895884125,-26.8820742901169,134.240359790926
126.604038199563,-68.6323468626886,98.1479055249215
68.9593031447908,-123.271952273852,35.4399947072239
45.3949000342059,-101.780847066759,51.1714729765935
-26.8241577290495,-54.1101167653046,-9.38138582934979
44.3059670735817,-71.1389178015239,42.2061593493924
-104.427999755627,83.2958755773086,97.8329987228555
-28.5295198681144,50.1672381113403,-22.3609829136464
35.1698987585483,-92.1302588356024,48.8995123454616
-1.53634587964887,-37.9771629546107,-4.67431541895514
-66.9176693472704,72.8374400692545,31.7434068463985
-46.6723766884217,137.212640160276,70.2952180246859
14.1458965733114,-147.73394661591,93.6219780500997
-83.9019705765737,-79.5017438632656,79.3061309601178
21.7658674135672,-65.6896211515605,38.3234559606271
-135.53606810877,15.5021076823003,106.324977767201
-119.82311370227,-8.27322045944571,56.0449275299416
38.4257504759674,103.669624030456,62.8053665961742
54.0889291363817,35.4468271202896,-6.95507328676723
54.3458514470129,116.823675361634,22.6935815149175
-22.548992321267,-97.1093136890275,44.9917349947105
-60.7125666623996,-42.3976605961114,45.9530345383281
-87.3469072844259,-3.88655191363308,24.6907281221844
127.195751298457,26.8204054997798,51.7232940222489
-143.58542757283,40.0157533921815,97.5895441376803
5.04648572518109,-120.539036046525,41.5214553296444
45.7920636288463,-141.354272166617,81.0998108099504
-38.4061299026787,-30.9447229931312,50.4552124719828
-100.542611328625,58.4110998823704,43.7988712656939
39.4003782013086,74.5612932562251,68.3639321383265
-3.14297547486139,7.69065803475959,23.3340217352802
45.1202383995394,92.4033621834755,61.2047882085436
11.1665633716689,-58.3345977558944,14.6463473184188
70.6223344793851,-130.620201960314,41.6662003392896
-106.292019517266,-81.6889907707775,74.8717461720716
67.1467387509225,92.344689025935,73.2945496159514
-92.9626981423017,71.4737145873917,43.6523590608979
-57.9086978842917,102.207619292936,64.064657182707
-133.435782606785,34.2929223033182,74.5405415851823
-51.0584556988469,0.0625417030280744,4.97099919306749
37.4498328290875,133.5675530094,50.2902307358371
84.0099455681627,16.3188787668352,39.1510137390636
113.779751275072,68.7496317164386,91.8472781320445
-109.578730875001,-85.5091966189558,96.467793456461
-82.9795050988459,99.8246807828707,47.1987011518145
-1.96976252771496,98.5536484790701,12.6603330664379
90.7169128982496,-91.4275534235718,45.3984557511856
22.3480416449001,13.2722708701937,39.0408550468597
57.4652205615104,-35.6519278332522,43.3893417518316
-60.8708094796583,-67.5944471920434,51.7528552353255
-103.614963880136,-54.2043980923929,52.5635118902735
32.3581082009993,-39.7235667573449,7.66628716061173
-21.4397479353632,-27.1956526907335,10.7578751807113
-68.7104741270614,17.5189323301478,30.9799102004914
-69.6819579625168,60.9862674005351,22.0065454898399
3.43996182614176,-19.0267408754318,-9.34996481498888
-47.6895231161457,-21.9790442215988,32.7428415899478
41.606805297183,134.863663091494,80.0861971903866
31.4957623889764,141.447906399593,87.6627087896447
45.7082173209639,-100.242239217533,46.5857578173091
-89.7807138429992,25.2594456436617,64.661093363213
-62.1286731800721,128.655739668412,110.774423958019
-4.75811671955028,38.721204937766,19.5968993450974
-127.876647350501,6.62485244618081,57.5331027702425
-129.144703717773,69.6139909846071,105.369861644728
-114.073520182232,18.4831467894208,82.2284357570994
29.199668830758,6.22763570440061,38.6431757341055
-37.9600281617746,18.4487472139439,15.2168092650455
9.29512036477546,-134.127530138946,63.1581377660358
-35.0627190773855,105.412705696226,-3.94569300237709
-66.2198720876771,-2.89089678435813,18.5247871116661
-11.0446630454211,62.3392201250398,16.9533464526603
-56.8011453594375,86.5978688985474,66.3309587755504
-24.4041443493279,-40.5933479863672,31.8280364563615
20.6698710463555,-110.360633904449,67.8338366017026
34.562082120471,50.5977988441395,39.2276994858079
-13.3128898636524,1.94776989438334,-28.2869308180594
-33.4538302911858,52.9077127356145,23.2734436423048
-1.38579789275475,112.353290692999,74.7603599015254
30.8791329635466,-64.4764465034205,12.4720949738017
131.700267861117,56.806782279494,96.4886556412067
-0.059043229225221,46.1148493424867,22.8187678814212
-62.7055186778651,44.8950048289981,48.5759056674225
-27.9667994562434,83.2947964037839,69.0009667631874
11.1589145317193,96.1944138717395,16.000260202788
114.05813664303,-22.1593113527185,66.6230481581871
-15.7593335591672,-109.554835965673,67.1769539411486
86.6856873556681,40.3671302922098,84.8068353055943
15.9393185698195,-83.6931514591638,8.6491602694801
-130.341113917854,53.1721164827294,128.780675053673
-85.6127563775889,-55.2890356785701,67.2939498147954
-62.7689453924113,99.1506899643722,37.5303993744316
-13.4165113300502,-14.0734942949309,0.254390868131155
74.1820370282139,23.8755019133996,20.2859339375707
-34.2216670415575,92.6799703000224,35.4326056000524
-5.28494726496475,140.747828298483,35.6851530787233
-8.13909926428343,-101.142052054129,55.7878196954127
74.9745901991504,-66.2848489800905,68.2326080211767
-134.941941724257,-22.8874857775162,71.5524112771562
46.5503021920681,-138.595963438765,81.1496863200242
105.543504738371,-6.07560344094099,39.0827846284159
-50.0027083545003,33.9086921783271,14.2867718775907
-12.2827570726878,11.1160121509884,22.9814184978679
83.3527091366024,-84.3020575388235,42.588506388205
98.3018397681157,-9.05800547337505,79.9715988231259
59.0080536846696,-107.284704096729,73.1004238676803
-20.5210427781,137.08257892995,61.1880836772834
30.0845565678781,6.11375532733206,19.7773239121758
-99.7333305696076,63.9769544489724,72.7989730767266
-97.5455429884277,-110.387134919821,96.0942320572988
-78.1366747769219,95.018143003938,53.0767648334258
84.4553604605159,121.163061964068,65.2335875355213
48.156182870383,116.095371684288,58.5949900106798
14.8404635360987,-2.29985476142138,7.87109370587267
9.73716961710695,109.365221413111,35.0953708796913
65.669495221813,-67.318558147481,61.9934958533442
-80.4439737568264,24.624288235381,25.3954905943144
34.4960686996029,-62.0654069062075,32.3293928295056
-45.8303902183238,66.463971914068,23.7476703727072
94.0871359040437,-70.5377545303716,52.055820995755
49.8557825731457,-60.1908219875794,22.4587911120385
-72.2871577569511,36.8468323605109,20.8178192743833
83.7192779936592,-113.665598558415,70.4378561839516
84.7559292093964,-91.3383497355099,28.7603297638066
-44.9488916190921,78.9717395055444,51.8819860118727
-84.6116698993273,-49.0476056969162,49.2851859948195
-40.5843994433765,-122.284097934244,48.2954661398087
75.6387630221011,77.8418083295208,59.5241543777552
-70.4535629270833,76.6785811278482,48.4327813252748
-33.7332552843742,-37.2265770793953,4.34247041180769
44.5499107255557,140.16766170076,37.8211265980703
56.0799043932638,-116.099334467897,33.9511692917032
-54.4683854924386,33.3693566815714,9.68379232148952
-129.685773457484,-53.4658576957966,57.3115707963207
57.9588855891825,37.6696951411105,0.0608252967866676
61.807855941696,106.19229960489,44.5435207127002
-82.8514600744636,65.4863805706789,38.6757132236561
-59.0356366756983,-101.256990036523,87.7618738002304
12.0696696328034,123.469901995175,48.5544270405135
-88.293658642317,-11.5728550076957,48.9187614783235
-62.9990099268265,32.4302475939392,8.67915434722973
17.7903895030528,-120.145349194996,59.0533592228337
130.460194213691,-32.6492728414874,106.637422341405
-57.2644031340656,-95.7997994528076,43.985368423771
-111.285748580048,-81.1693024782057,69.1588294038007
-35.9364813169739,4.27283282092266,-8.0373701222398
36.3911036898186,5.78122695907004,30.5737024355035
61.9269330816542,98.7635171591367,70.8730189954596
4.79476795476902,43.2353540383472,27.9924757393108
55.0703260250368,2.70575350926188,36.1149351343199
147.819312297005,1.75594573006289,129.350771093964
-20.2945257971172,55.5341022755172,-0.321659561517794
6.52068372341283,64.7349840815101,36.4037366996971
17.8208319548257,-77.099634135882,-10.0990258678186
-28.2785070469768,45.6417725892223,27.3799369676479
-23.2089349948037,-67.3307960336759,33.903819369476
56.7235965609106,68.9218294454872,49.9103360893052
86.0858951568394,-51.9816704594565,54.4081034325216
100.161816916817,-81.0080789964665,58.1953614302168
-41.6703411329197,-68.7019897214002,76.0750329291132
56.1172542441114,-10.8668162637712,23.8390717724851
58.8772007407653,-79.0806528088787,46.0719916752939
-73.0544303066271,84.1643549742485,75.3438845161539
-39.9426609354075,-122.390874640166,38.442849959069
